folder_name,participant_id,intake_date,status
respondent_001,P001,2026-06-11,ACTIVE
respondent_002,P002,2026-06-11,ACTIVE
respondent_003,P003,2026-06-11,ACTIVE
respondent_004,P004,2026-06-11,ACTIVE
respondent_005,P005,2026-06-11,ACTIVE
respondent_006,P006,2026-06-11,ACTIVE
respondent_007,P007,2026-06-11,ACTIVE
respondent_008,P008,2026-06-11,ACTIVE
respondent_009,P009,2026-06-11,ACTIVE
respondent_010,P010,2026-06-11,ACTIVE
respondent_011,P011,2026-06-11,ACTIVE
respondent_012,P012,2026-06-11,ACTIVE
respondent_013,P013,2026-06-11,ACTIVE
respondent_014,P014,2026-06-11,ACTIVE
respondent_015,P015,2026-06-11,ACTIVE
respondent_016,P016,2026-06-11,ACTIVE
respondent_017,P017,2026-06-11,ACTIVE
respondent_018,P018,2026-06-11,ACTIVE
respondent_019,P019,2026-06-11,ACTIVE
respondent_020,P020,2026-06-11,ACTIVE
respondent_021,P021,2026-06-11,ACTIVE
respondent_022,P022,2026-06-11,ACTIVE
respondent_023,P023,2026-06-11,ACTIVE
respondent_024,P024,2026-06-11,ACTIVE
respondent_025,P025,2026-06-11,ACTIVE
respondent_026,P026,2026-06-11,ACTIVE
respondent_027,P027,2026-06-11,ACTIVE
respondent_028,P028,2026-06-11,ACTIVE
respondent_029,P029,2026-06-11,ACTIVE
respondent_030,P030,2026-06-11,ACTIVE
respondent_031,P031,2026-06-11,ACTIVE
respondent_032,P032,2026-06-11,ACTIVE
respondent_033,P033,2026-06-11,ACTIVE
respondent_034,P034,2026-06-11,ACTIVE
respondent_035,P035,2026-06-11,ACTIVE
respondent_036,P036,2026-06-11,ACTIVE
respondent_037,P037,2026-06-11,ACTIVE
respondent_038,P038,2026-06-11,ACTIVE
respondent_039,P039,2026-06-11,ACTIVE
respondent_040,P040,2026-06-11,ACTIVE
respondent_041,P041,2026-06-11,ACTIVE
respondent_042,P042,2026-06-11,ACTIVE
respondent_043,P043,2026-06-11,ACTIVE
respondent_044,P044,2026-06-11,ACTIVE
respondent_045,P045,2026-06-11,ACTIVE
respondent_046,P046,2026-06-11,ACTIVE
respondent_047,P047,2026-06-11,ACTIVE
respondent_048,P048,2026-06-11,ACTIVE
respondent_049,P049,2026-06-11,ACTIVE
respondent_050,P050,2026-06-11,ACTIVE
respondent_051,P051,2026-06-11,ACTIVE
respondent_052,P052,2026-06-11,ACTIVE
respondent_053,P053,2026-06-11,ACTIVE
respondent_054,P054,2026-06-11,ACTIVE
respondent_055,P055,2026-06-11,ACTIVE
respondent_056,P056,2026-06-11,ACTIVE
respondent_057,P057,2026-06-11,ACTIVE
respondent_058,P058,2026-06-11,ACTIVE
respondent_059,P059,2026-06-11,ACTIVE
respondent_060,P060,2026-06-11,ACTIVE
respondent_061,P061,2026-06-11,ACTIVE
respondent_062,P062,2026-06-11,ACTIVE
respondent_063,P063,2026-06-11,ACTIVE
respondent_064,P064,2026-06-11,ACTIVE
respondent_065,P065,2026-06-11,ACTIVE
respondent_066,P066,2026-06-11,ACTIVE
respondent_067,P067,2026-06-11,ACTIVE
respondent_068,P068,2026-06-11,ACTIVE
respondent_069,P069,2026-06-11,ACTIVE
respondent_070,P070,2026-06-11,ACTIVE
respondent_071,P071,2026-06-11,ACTIVE
respondent_072,P072,2026-06-11,ACTIVE
respondent_073,P073,2026-06-11,ACTIVE
respondent_074,P074,2026-06-11,ACTIVE
respondent_075,P075,2026-06-11,ACTIVE
respondent_076,P076,2026-06-11,ACTIVE
respondent_077,P077,2026-06-11,ACTIVE
respondent_078,P078,2026-06-11,ACTIVE
respondent_079,P079,2026-06-11,ACTIVE
respondent_080,P080,2026-06-11,ACTIVE
respondent_081,P081,2026-06-11,ACTIVE
